<?xml version="1.0" encoding="utf-8"?>
<?xml-stylesheet href="../stylesheets/yeats.css" type="text/css"?>
<?oxygen RNGSchema="../schemas/teilite.rng" type="xml"?>
<TEI xmlns="http://www.tei-c.org/ns/1.0" xml:id="yeats_when_you_are_old">
	<teiHeader>
		<fileDesc>
			<titleStmt>
				<title>??title here??</title>
				<author>??author here??</author>
				<respStmt>
					<resp>Creation of machine-readable text by</resp>
					<name>Susan Schreibman</name>
				</respStmt>
				<respStmt>
					<resp>Header creation by</resp>
					<name>??your name here??</name>
				</respStmt>
				<respStmt>
					<resp>Encoded by</resp>
					<name>??your name here??</name>
				</respStmt>
			</titleStmt>
			<publicationStmt>
				<publisher>Online Text Archive</publisher>
				<pubPlace>
					<address>
						<addrLine>Online University</addrLine>
						<addrLine>Palo Alto, CA</addrLine>
					</address>
				</pubPlace>
				<date when="2010-10-10">??date here??</date>
				<availability>
					<p>This text is freely available provided the text is distributed with the
						header information provided.</p>
				</availability>
			</publicationStmt>
			<sourceDesc>
				<bibl>??bibliographic information here??</bibl>
			</sourceDesc>
		</fileDesc>
	</teiHeader>
	<text>
		<body>
			<div type="verse">
				<head>When You Are Old</head>
				<lg n="1">
					<l n="1">When you are old and grey and full of sleep</l>
					<l n="2">And nodding by the fire, take down this book,</l>
					<l n="3">And slowly read, and dream of the soft look</l>
					<l n="4">Your eyes had once, and of their shadows deep </l>
				</lg>
			</div>
		</body>
	</text>
</TEI>
