<?xml version="1.0" encoding="utf-8"?>
<?oxygen RNGSchema="http://www.tei-c.org/release/xml/tei/custom/schema/relaxng/teilite.rng" type="xml"?>
<TEI >
	<teiHeader>
		<fileDesc>
			<titleStmt>
				<title type="main">Title</title>
				<title type="version">An Electronic Edition</title>
				
				<author>
					<name>name</name>
					<date>date</date>
				</author>
				<respStmt>
					<resp>Creation of machine-readable text by </resp><name>name</name>
				</respStmt>
				<respStmt>
					<resp>Header creation by </resp><name>name</name>
					</respStmt>
					<respStmt>
					<resp>Encoded by 
					</resp><name>name</name>
				</respStmt>
				
			
				</titleStmt>
			
				
			
			<publicationStmt>
				<publisher>
					<name>name</name>
				</publisher>
				<pubPlace>
					<address>
						<addrLine>
							<name>name</name>
						</addrLine>
						
					</address>
				</pubPlace>
				<date>date</date>
				<availability>
					<p>Copyright info</p>
				</availability>
			</publicationStmt>
			
			<sourceDesc><bibl>
					bibl info
			</bibl></sourceDesc>
			
		</fileDesc>
		
		<encodingDesc>
			<editorialDecl>
				<p>editorial info</p>
			</editorialDecl>
		</encodingDesc>
		
		<profileDesc>
			
			
			<textClass>
				<classCode scheme="loc">??</classCode>
				<keywords scheme="loc">
					<list>
						<item>??</item>
						
					</list>
				</keywords>
			</textClass>
		</profileDesc>
	</teiHeader>
	<text>
		<body>
			
			<p>??</p>
		</body>
	</text>
</TEI>
