<?xml version="1.0" encoding="UTF-8"?>
<lido:lidoWrap xmlns:lido="http://www.lido-schema.org" xmlns:xsi="http://www.w3.org/2001/XMLSchema-instance" xsi:schemaLocation="http://www.lido-schema.org http://www.lido-schema.org/schema/v1.0/lido-v1.0.xsd">

<lido:lido>
      <lido:lidoRecID lido:source="ARCHE Wollmilchsau" lido:type="local">wollmilchsau/images/sissiObjectLIDO.xml</lido:lidoRecID>
      <lido:category>
         <lido:conceptID lido:type="URI">http://www.cidoc-crm.org/Entity/e22-man-made-object/version-6.2</lido:conceptID>
         <lido:term xml:lang="en">Man-Made Object</lido:term>
      </lido:category>
      <lido:descriptiveMetadata xml:lang="en">
         <lido:objectClassificationWrap>
            <lido:objectWorkTypeWrap>
               <lido:objectWorkType>
                  <lido:term lido:encodinganalog="5230/5230">painting</lido:term>
                  <lido:term lido:addedSearchTerm="yes" lido:encodinganalog="5230/523a">visual work of art</lido:term>
               </lido:objectWorkType>
            </lido:objectWorkTypeWrap>
            <lido:classificationWrap>
               <lido:classification lido:type="europeana:type">
                  <lido:term>IMAGE</lido:term>
               </lido:classification>
               <lido:classification>
                  <lido:term lido:encodinganalog="5220/5220">oil painting</lido:term>
                  <lido:term lido:addedSearchTerm="yes" lido:encodinganalog="5220/520a">painting</lido:term>
               </lido:classification>
            </lido:classificationWrap>
         </lido:objectClassificationWrap>
         <lido:objectIdentificationWrap>
            <lido:titleWrap>
               <lido:titleSet>
                  <lido:appellationValue lido:pref="preferred">Kaiserin Elisabeth</lido:appellationValue>
                  <lido:appellationValue lido:pref="preferred" xml:lang="en">Kaiserin Elisabeth</lido:appellationValue>
               </lido:titleSet>
            </lido:titleWrap>
            <lido:inscriptionsWrap/>
            <lido:repositoryWrap>
               <lido:repositorySet lido:type="current">
                  <lido:repositoryName>
                     <lido:legalBodyName>
                        <lido:appellationValue>Sammlung Belvedere</lido:appellationValue>
                     </lido:legalBodyName>
                  </lido:repositoryName>
                  <lido:workID lido:type="inventory number">5631</lido:workID>
               </lido:repositorySet>
            </lido:repositoryWrap>
            <lido:displayStateEditionWrap/>
            <lido:objectDescriptionWrap/>
            <lido:objectMeasurementsWrap>
               <lido:objectMeasurementsSet>
                  <lido:displayObjectMeasurements>236 x 164 cm</lido:displayObjectMeasurements>
               </lido:objectMeasurementsSet>
            </lido:objectMeasurementsWrap>
         </lido:objectIdentificationWrap>
         <lido:eventWrap>
            <lido:eventSet>
               <lido:event>
                  <lido:eventType>
                     <lido:term>creation</lido:term>
                  </lido:eventType>
                  <lido:eventActor>
                     <lido:actorInRole>
                        <lido:actor lido:type="person">
                           <lido:actorID lido:source="GND" lido:type="URI">https://d-nb.info/gnd/118920588</lido:actorID>
                           <lido:nameActorSet>
                              <lido:appellationValue lido:pref="preferred">Winterhalter, Franz Xaver</lido:appellationValue>
                           </lido:nameActorSet>
                           <lido:nationalityActor>
                              <lido:term>Germany</lido:term>
                           </lido:nationalityActor>
                           <lido:vitalDatesActor>
							   <lido:earliestDate lido:type="estimatedDate">1805-04-20</lido:earliestDate>
							   <lido:latestDate lido:type="estimatedDate">1873-07-08</lido:latestDate>
                           </lido:vitalDatesActor>
                           <lido:genderActor>male</lido:genderActor>
                        </lido:actor>
                        <lido:roleActor>
                           <lido:term>painter</lido:term>
                        </lido:roleActor>
                     </lido:actorInRole>
                  </lido:eventActor>
                  <lido:eventDate>
                     <lido:date>
                        <lido:earliestDate>1865</lido:earliestDate>
                        <lido:latestDate>1865</lido:latestDate>
                     </lido:date>
                  </lido:eventDate>
                  <lido:eventMaterialsTech>
                     <lido:materialsTech>
                        <lido:termMaterialsTech lido:type="material">
                           <lido:term>oil</lido:term>
                           <lido:term lido:addedSearchTerm="yes">color material</lido:term>
                        </lido:termMaterialsTech>
                     </lido:materialsTech>
                  </lido:eventMaterialsTech>
               </lido:event>
            </lido:eventSet>
       </lido:eventWrap>
         <lido:objectRelationWrap>
            <lido:subjectWrap>
               <lido:subjectSet>
                  <lido:subject lido:type="description">
                     <lido:subjectConcept>
                        <lido:conceptID lido:source="Iconclass" lido:type="URI">http://iconclass.org/rkd/44BB112/</lido:conceptID>
                        <lido:term>44BB112</lido:term>
                        <lido:term lido:addedSearchTerm="yes">emperor - BB - female ruler</lido:term>
                     </lido:subjectConcept>
                  </lido:subject>
               </lido:subjectSet>
            </lido:subjectWrap>
            <lido:relatedWorksWrap/>
         </lido:objectRelationWrap>
      </lido:descriptiveMetadata>      <lido:descriptiveMetadata xml:lang="de">
         <lido:objectClassificationWrap>
            <lido:objectWorkTypeWrap>
               <lido:objectWorkType>
                  <lido:term lido:encodinganalog="5230/5230">Bild</lido:term>
                  <lido:term lido:addedSearchTerm="yes" lido:encodinganalog="5230/523a">Bildwerk</lido:term>
               </lido:objectWorkType>
            </lido:objectWorkTypeWrap>
            <lido:classificationWrap>
               <lido:classification lido:type="europeana:type">
                  <lido:term>IMAGE</lido:term>
               </lido:classification>
               <lido:classification>
                  <lido:term lido:encodinganalog="5220/5220">Ölmalereei</lido:term>
                  <lido:term lido:addedSearchTerm="yes" lido:encodinganalog="5220/520a">Malerei</lido:term>
               </lido:classification>
            </lido:classificationWrap>
         </lido:objectClassificationWrap>
         <lido:objectIdentificationWrap>
            <lido:titleWrap>
               <lido:titleSet>
                  <lido:appellationValue lido:pref="preferred">Kaiserin Elisabeth</lido:appellationValue>
               </lido:titleSet>
            </lido:titleWrap>
            <lido:inscriptionsWrap/>
            <lido:repositoryWrap>
               <lido:repositorySet lido:type="current">
                  <lido:repositoryName>
                     <lido:legalBodyName>
                        <lido:appellationValue>Sammlung Belvedere</lido:appellationValue>
                     </lido:legalBodyName>
                  </lido:repositoryName>
                  <lido:workID lido:type="Inventarnummer">5631</lido:workID>
               </lido:repositorySet>
            </lido:repositoryWrap>
            <lido:displayStateEditionWrap/>
            <lido:objectDescriptionWrap/>
            <lido:objectMeasurementsWrap>
               <lido:objectMeasurementsSet>
                  <lido:displayObjectMeasurements>236 x 164 cm</lido:displayObjectMeasurements>
               </lido:objectMeasurementsSet>
            </lido:objectMeasurementsWrap>
         </lido:objectIdentificationWrap>
         <lido:eventWrap>
            <lido:eventSet>
               <lido:event>
                  <lido:eventType>
                     <lido:term>Herstellung</lido:term>
                  </lido:eventType>
                  <lido:eventActor>
                     <lido:actorInRole>
                        <lido:actor lido:type="person">
                           <lido:actorID lido:source="GND" lido:type="URI">https://d-nb.info/gnd/118920588</lido:actorID>
                           <lido:nameActorSet>
                              <lido:appellationValue lido:pref="preferred">Winterhalter, Franz Xaver</lido:appellationValue>
                           </lido:nameActorSet>
                           <lido:nationalityActor>
                              <lido:term>Deutschland</lido:term>
                           </lido:nationalityActor>
                           <lido:vitalDatesActor>
							   <lido:earliestDate lido:type="estimatedDate">1805-04-20</lido:earliestDate>
							   <lido:latestDate lido:type="estimatedDate">1873-07-08</lido:latestDate>
                           </lido:vitalDatesActor>
                           <lido:genderActor>männlich</lido:genderActor>
                        </lido:actor>
                        <lido:roleActor>
                           <lido:term>Maler</lido:term>
                        </lido:roleActor>
                     </lido:actorInRole>
                  </lido:eventActor>
                  <lido:eventDate>
                     <lido:date>
                        <lido:earliestDate>1865</lido:earliestDate>
                        <lido:latestDate>1865</lido:latestDate>
                     </lido:date>
                  </lido:eventDate>
                  <lido:eventMaterialsTech>
                     <lido:materialsTech>
                        <lido:termMaterialsTech lido:type="Material">
                           <lido:term>Öl</lido:term>
                           <lido:term lido:addedSearchTerm="yes">Farbmaterial</lido:term>
                        </lido:termMaterialsTech>
                     </lido:materialsTech>
                  </lido:eventMaterialsTech>
               </lido:event>
            </lido:eventSet>
         </lido:eventWrap>
         <lido:objectRelationWrap>
            <lido:subjectWrap>
               <lido:subjectSet>
                  <lido:subject lido:type="Beschreibung">
                     <lido:subjectConcept>
                        <lido:conceptID lido:source="Iconclass" lido:type="URI">http://iconclass.org/rkd/44BB112/</lido:conceptID>
                        <lido:term>44BB112</lido:term>
                        <lido:term lido:addedSearchTerm="yes">Kaiser - BB - weiblicher Herrscher</lido:term>
                     </lido:subjectConcept>
                  </lido:subject>
               </lido:subjectSet>
            </lido:subjectWrap>
            <lido:relatedWorksWrap/>
         </lido:objectRelationWrap>
      </lido:descriptiveMetadata>
      <lido:administrativeMetadata xml:lang="en">
         <lido:rightsWorkWrap/>
         <lido:recordWrap>
            <lido:recordID lido:type="local">wollmilchsau/images/sissiObjectLIDO.xml</lido:recordID>
            <lido:recordType><lido:term>single object</lido:term></lido:recordType>
            <lido:recordSource>
               <lido:legalBodyID lido:type="URI" lido:source="VIAF">http://viaf.org/viaf/172476334</lido:legalBodyID>
               <lido:legalBodyName>
                  <lido:appellationValue>Österreichische Galerie Belvedere</lido:appellationValue>
               </lido:legalBodyName>
               <lido:legalBodyWeblink>https://sammlung.belvedere.at/</lido:legalBodyWeblink>
            </lido:recordSource>
            <lido:recordRights>
               <lido:rightsHolder>
                  <lido:legalBodyID lido:type="URI" lido:source="VIAF">http://viaf.org/viaf/172476334</lido:legalBodyID>
                  <lido:legalBodyName>
                     <lido:appellationValue>Österreichische Galerie Belvedere</lido:appellationValue>
                  </lido:legalBodyName>
                  <lido:legalBodyWeblink>https://sammlung.belvedere.at/</lido:legalBodyWeblink>
               </lido:rightsHolder>
            </lido:recordRights>
            <lido:recordInfoSet>
               <lido:recordInfoLink lido:formatResource="html">https://sammlung.belvedere.at/objects/4380/</lido:recordInfoLink>
            </lido:recordInfoSet>
         </lido:recordWrap>
         <lido:resourceWrap>
            <lido:resourceSet>
               <lido:resourceID lido:type="local">wollmilchsau/images/duck_sissi.jpg</lido:resourceID>
               <lido:resourceRepresentation lido:type="image">
				   <lido:linkResource lido:formatResource="jpg">https://id.acdh.oeaw.ac.at/wollmilchsau/images/duck_sissi.jpg</lido:linkResource>
				   <lido:resourceMeasurementsSet>
						<lido:measurementType>width</lido:measurementType>
						<lido:measurementUnit>pixel</lido:measurementUnit>
						<lido:measurementValue>444</lido:measurementValue>
					</lido:resourceMeasurementsSet>
				</lido:resourceRepresentation>
               <lido:resourceType>
                  <lido:term>digital image</lido:term>
               </lido:resourceType>
               <lido:resourceDescription>overall view</lido:resourceDescription>
               <lido:resourceDateTaken><lido:displayDate>2021</lido:displayDate></lido:resourceDateTaken>
               <lido:resourceSource lido:type="holder of image">
				   <lido:legalBodyName>
						<lido:appellationValue>ARCHE</lido:appellationValue>
					</lido:legalBodyName>
               </lido:resourceSource>
               <lido:rightsResource>
                  <lido:rightsHolder>
                     <lido:legalBodyID lido:type="URI" lido:source="VIAF">http://viaf.org/viaf/172476334</lido:legalBodyID>
                     <lido:legalBodyName>
                        <lido:appellationValue>Österreichische Galerie Belvedere</lido:appellationValue>
                     </lido:legalBodyName>
                  </lido:rightsHolder>
               </lido:rightsResource>
            </lido:resourceSet>  
         </lido:resourceWrap>
      </lido:administrativeMetadata>
  </lido:lido> 
</lido:lidoWrap>